Order ID,Order Date,Category,Sub-Category,Region,State,Sales,Quantity,Discount,Profit,Profit Margin
ORD-1000,2023-01-01,Technology,Phones,East,California,378.33,3,0.1,-9.89,-0.026141199481933764
ORD-1001,2023-01-02,Furniture,Phones,East,Texas,1711.68,7,0.24,592.6,0.3462095718825949
ORD-1002,2023-01-03,Technology,Binders,Central,Texas,994.71,8,0.17,707.9,0.7116647062963074
ORD-1003,2023-01-04,Technology,Phones,Central,Illinois,509.52,6,0.15,743.7,1.459609043805935
ORD-1004,2023-01-05,Furniture,Chairs,West,California,1744.08,5,0.09,760.14,0.43584009907802396
ORD-1005,2023-01-06,Furniture,Accessories,West,California,901.7,1,0.28,321.46,0.356504380614395
ORD-1006,2023-01-07,Technology,Accessories,West,California,1039.34,8,0.12,777.31,0.7478880828217908
ORD-1007,2023-01-08,Office Supplies,Tables,South,California,731.28,3,0.03,557.31,0.7621020676074827
ORD-1008,2023-01-09,Technology,Phones,East,California,1194.04,6,0.19,-38.33,-0.032101102140631804
ORD-1009,2023-01-10,Technology,Chairs,East,Illinois,343.78,3,0.03,276.9,0.8054569783000757
ORD-1010,2023-01-11,Technology,Tables,West,New York,794.34,7,0.1,518.33,0.6525291436916182
ORD-1011,2023-01-12,Technology,Binders,East,Texas,1939.44,7,0.15,47.34,0.02440910778369014
ORD-1012,2023-01-13,Furniture,Tables,West,California,531.1,9,0.26,440.62,0.8296366032762191
ORD-1013,2023-01-14,Technology,Tables,South,New York,1320.34,5,0.15,466.6,0.3533938228032174
ORD-1014,2023-01-15,Office Supplies,Phones,South,New York,663.88,8,0.21,-37.3,-0.056184852684220035
ORD-1015,2023-01-16,Furniture,Binders,Central,Texas,1551.48,8,0.3,365.09,0.23531724546884264
ORD-1016,2023-01-17,Office Supplies,Tables,South,Illinois,279.13,1,0.04,571.63,2.047898828502848
ORD-1017,2023-01-18,Office Supplies,Chairs,West,Florida,1940.25,5,0.08,298.9,0.15405231284628268
ORD-1018,2023-01-19,Office Supplies,Chairs,South,Florida,918.5,3,0.12,-187.9,-0.20457267283614589
ORD-1019,2023-01-20,Office Supplies,Accessories,Central,New York,487.38,1,0.13,-190.96,-0.3918092658705733
ORD-1020,2023-01-21,Furniture,Binders,East,Texas,165.52,4,0.12,157.03,0.9487071048815853
ORD-1021,2023-01-22,Furniture,Binders,West,Florida,356.12,8,0.27,726.19,2.039172189149725
ORD-1022,2023-01-23,Office Supplies,Accessories,East,New York,1049.15,3,0.21,28.68,0.027336415193251678
ORD-1023,2023-01-24,Office Supplies,Tables,Central,Illinois,687.27,2,0.18,434.36,0.6320077989727473
ORD-1024,2023-01-25,Furniture,Binders,Central,Florida,1661.19,9,0.09,22.08,0.013291676448810791
ORD-1025,2023-01-26,Furniture,Chairs,Central,New York,873.16,5,0.25,121.67,0.13934445004352009
ORD-1026,2023-01-27,Furniture,Chairs,East,New York,512.45,7,0.29,648.04,1.264591667479754
ORD-1027,2023-01-28,Technology,Phones,East,California,1241.95,2,0.25,528.86,0.4258303474374975
ORD-1028,2023-01-29,Technology,Binders,East,Illinois,1419.42,9,0.0,-104.6,-0.07369207140944892
ORD-1029,2023-01-30,Technology,Tables,East,California,350.74,9,0.19,228.7,0.6520499515310486
ORD-1030,2023-01-31,Office Supplies,Accessories,Central,Texas,351.89,4,0.02,-170.83,-0.4854642075648641
ORD-1031,2023-02-01,Technology,Accessories,Central,California,92.61,4,0.08,280.89,3.0330417881438287
ORD-1032,2023-02-02,Office Supplies,Tables,West,California,1478.08,6,0.02,462.43,0.3128585732842607
ORD-1033,2023-02-03,Office Supplies,Phones,West,Florida,1334.33,6,0.18,-81.5,-0.06107934319096476
ORD-1034,2023-02-04,Technology,Accessories,East,New York,959.77,1,0.21,88.88,0.09260552007251738
ORD-1035,2023-02-05,Office Supplies,Binders,South,Illinois,1691.46,9,0.03,197.84,0.11696404289785156
ORD-1036,2023-02-06,Technology,Phones,South,California,1615.23,2,0.12,719.53,0.44546597079053757
ORD-1037,2023-02-07,Technology,Binders,Central,Illinois,1179.0,5,0.14,793.26,0.672824427480916
ORD-1038,2023-02-08,Furniture,Chairs,Central,California,1739.18,9,0.11,-155.09,-0.08917420853505675
ORD-1039,2023-02-09,Technology,Phones,Central,Texas,427.57,4,0.04,561.01,1.312089248544098
ORD-1040,2023-02-10,Furniture,Accessories,West,California,241.6,3,0.13,171.72,0.7107615894039735
ORD-1041,2023-02-11,Technology,Phones,West,Florida,554.1,7,0.23,192.46,0.3473380256271431
ORD-1042,2023-02-12,Technology,Phones,Central,New York,133.03,6,0.02,554.26,4.166428625122153
ORD-1043,2023-02-13,Furniture,Phones,Central,Texas,1071.72,8,0.02,718.43,0.6703523308326801
ORD-1044,2023-02-14,Furniture,Phones,Central,California,1874.48,3,0.11,750.93,0.4006071017028722
ORD-1045,2023-02-15,Technology,Binders,South,Illinois,97.9,5,0.28,377.12,3.8520939734422877
ORD-1046,2023-02-16,Office Supplies,Chairs,West,Texas,261.78,4,0.2,157.12,0.6001986400794561
ORD-1047,2023-02-17,Furniture,Tables,South,Texas,915.35,4,0.2,587.55,0.6418856175233516
ORD-1048,2023-02-18,Office Supplies,Phones,South,California,1869.07,4,0.11,51.0,0.027286297463444388
ORD-1049,2023-02-19,Office Supplies,Accessories,Central,Texas,645.99,8,0.18,364.07,0.5635845756126255
ORD-1050,2023-02-20,Office Supplies,Phones,Central,Illinois,1024.32,6,0.0,158.58,0.15481490159325212
ORD-1051,2023-02-21,Furniture,Accessories,East,Texas,102.31,3,0.19,456.63,4.463200078193725
ORD-1052,2023-02-22,Office Supplies,Binders,East,Illinois,313.72,5,0.27,40.4,0.128777253601938
ORD-1053,2023-02-23,Furniture,Accessories,South,California,1973.53,6,0.18,-8.41,-0.004261399624023957
ORD-1054,2023-02-24,Office Supplies,Tables,West,New York,1930.94,5,0.26,718.24,0.37196391394864675
ORD-1055,2023-02-25,Technology,Chairs,Central,Texas,29.78,6,0.22,-98.2,-3.297515110812626
ORD-1056,2023-02-26,Technology,Accessories,Central,New York,1904.59,8,0.04,305.96,0.16064349807570133
ORD-1057,2023-02-27,Furniture,Accessories,South,Illinois,1285.46,7,0.27,20.85,0.01621987459742038
ORD-1058,2023-02-28,Technology,Chairs,East,Texas,1738.48,5,0.02,-161.07,-0.09264990106299756
ORD-1059,2023-03-01,Technology,Tables,West,Florida,920.38,6,0.16,-163.98,-0.17816554032030246
ORD-1060,2023-03-02,Office Supplies,Phones,East,New York,1040.88,4,0.04,-24.78,-0.02380677887940973
ORD-1061,2023-03-03,Furniture,Accessories,East,Texas,987.92,9,0.0,666.77,0.6749230706939833
ORD-1062,2023-03-04,Office Supplies,Chairs,East,New York,1340.39,4,0.13,82.48,0.06153432956079947
ORD-1063,2023-03-05,Office Supplies,Binders,East,Texas,296.51,1,0.09,750.46,2.5309770328150822
ORD-1064,2023-03-06,Office Supplies,Chairs,Central,California,79.35,7,0.15,381.62,4.809325771896661
ORD-1065,2023-03-07,Office Supplies,Binders,Central,New York,629.7,7,0.17,236.61,0.3757503573130062
ORD-1066,2023-03-08,Office Supplies,Tables,East,Florida,1415.27,4,0.01,380.09,0.2685635956389947
ORD-1067,2023-03-09,Office Supplies,Phones,West,Florida,419.67,3,0.04,316.7,0.7546405509090476
ORD-1068,2023-03-10,Office Supplies,Chairs,South,Illinois,1353.4,8,0.17,558.78,0.41287128712871285
ORD-1069,2023-03-11,Furniture,Accessories,West,Texas,1940.43,5,0.1,82.5,0.042516349468932145
ORD-1070,2023-03-12,Technology,Tables,West,New York,205.92,7,0.22,153.05,0.7432498057498058
ORD-1071,2023-03-13,Office Supplies,Chairs,West,Illinois,1351.75,4,0.2,694.09,0.5134751248381728
ORD-1072,2023-03-14,Office Supplies,Accessories,East,New York,898.63,4,0.25,746.46,0.830664455893972
ORD-1073,2023-03-15,Office Supplies,Chairs,Central,Texas,1738.92,8,0.21,692.56,0.3982701906930738
ORD-1074,2023-03-16,Office Supplies,Binders,West,Florida,370.76,8,0.13,219.45,0.5918923292696083
ORD-1075,2023-03-17,Office Supplies,Chairs,East,California,1391.4,2,0.2,580.37,0.417112261032054
ORD-1076,2023-03-18,Office Supplies,Chairs,West,Florida,1679.47,2,0.08,276.34,0.1645400036916408
ORD-1077,2023-03-19,Technology,Chairs,West,Illinois,1890.34,3,0.09,297.54,0.15740025603859625
ORD-1078,2023-03-20,Technology,Tables,East,California,1372.83,3,0.24,4.68,0.003409016411354647
ORD-1079,2023-03-21,Office Supplies,Chairs,Central,Illinois,1004.41,1,0.13,391.13,0.3894126900369371
ORD-1080,2023-03-22,Technology,Accessories,Central,Texas,1243.34,3,0.24,-13.86,-0.011147393311564013
ORD-1081,2023-03-23,Furniture,Binders,South,California,1740.43,6,0.25,131.56,0.07559051498767545
ORD-1082,2023-03-24,Office Supplies,Binders,East,Illinois,1149.81,8,0.26,655.03,0.5696854262878215
ORD-1083,2023-03-25,Furniture,Chairs,South,Texas,80.17,6,0.27,7.08,0.08831233628539353
ORD-1084,2023-03-26,Furniture,Tables,South,Florida,1863.28,5,0.13,-128.84,-0.0691468807693959
ORD-1085,2023-03-27,Office Supplies,Tables,South,Texas,1385.26,4,0.1,-130.99,-0.09455986601793166
ORD-1086,2023-03-28,Technology,Accessories,Central,New York,1359.5,3,0.17,740.78,0.5448915042294962
ORD-1087,2023-03-29,Furniture,Chairs,East,Texas,447.04,4,0.11,306.92,0.6865604867573372
ORD-1088,2023-03-30,Office Supplies,Binders,South,Texas,1324.59,7,0.18,209.41,0.15809420273443103
ORD-1089,2023-03-31,Furniture,Tables,East,New York,799.85,1,0.21,610.88,0.7637432018503469
ORD-1090,2023-04-01,Furniture,Chairs,East,Illinois,1309.44,7,0.21,635.83,0.485573985826002
ORD-1091,2023-04-02,Furniture,Tables,Central,Illinois,231.05,1,0.11,132.19,0.5721272451850249
ORD-1092,2023-04-03,Furniture,Tables,South,Texas,1322.53,2,0.05,493.62,0.37323917037798765
ORD-1093,2023-04-04,Technology,Binders,South,New York,1998.84,4,0.13,571.12,0.28572572091813253
ORD-1094,2023-04-05,Furniture,Phones,East,New York,115.46,1,0.04,454.65,3.9377273514637103
ORD-1095,2023-04-06,Furniture,Accessories,West,Florida,1954.8,9,0.27,-48.4,-0.024759566196030286
ORD-1096,2023-04-07,Furniture,Accessories,Central,Illinois,825.68,6,0.1,675.88,0.8185737816103091
ORD-1097,2023-04-08,Technology,Binders,Central,California,1744.09,1,0.05,339.09,0.19442230618832743
ORD-1098,2023-04-09,Furniture,Tables,Central,Illinois,1569.12,1,0.01,82.47,0.05255812174977058
ORD-1099,2023-04-10,Furniture,Chairs,Central,Illinois,1142.69,6,0.19,225.23,0.19710507661745527
ORD-1100,2023-04-11,Technology,Tables,South,Florida,1482.13,4,0.19,-162.43,-0.10959227598118923
ORD-1101,2023-04-12,Technology,Binders,South,California,1759.46,4,0.1,-72.13,-0.040995532720266445
ORD-1102,2023-04-13,Technology,Accessories,West,Florida,820.2,6,0.02,565.55,0.6895269446476469
ORD-1103,2023-04-14,Furniture,Tables,Central,California,667.53,7,0.12,-199.99,-0.2995970218566956
ORD-1104,2023-04-15,Technology,Accessories,Central,Texas,1341.83,9,0.09,216.57,0.16139898496828958
ORD-1105,2023-04-16,Technology,Chairs,East,California,1619.53,5,0.2,322.51,0.19913802152476334
ORD-1106,2023-04-17,Furniture,Accessories,South,Florida,1529.32,9,0.18,-145.37,-0.09505531870373761
ORD-1107,2023-04-18,Technology,Accessories,Central,Illinois,1599.67,4,0.11,773.08,0.48327467540180163
ORD-1108,2023-04-19,Furniture,Phones,West,California,882.45,2,0.07,26.13,0.029610742818289987
ORD-1109,2023-04-20,Office Supplies,Phones,West,California,1639.31,3,0.3,104.2,0.0635633284735651
ORD-1110,2023-04-21,Technology,Phones,South,New York,258.01,1,0.14,103.94,0.4028526026123019
ORD-1111,2023-04-22,Office Supplies,Accessories,West,Illinois,1098.09,6,0.21,30.42,0.02770264732398984
ORD-1112,2023-04-23,Furniture,Binders,West,Texas,31.4,6,0.04,-198.53,-6.322611464968153
ORD-1113,2023-04-24,Technology,Accessories,South,Florida,662.68,1,0.15,529.34,0.7987867447335065
ORD-1114,2023-04-25,Furniture,Binders,Central,Texas,745.59,3,0.01,766.85,1.02851433093255
ORD-1115,2023-04-26,Office Supplies,Binders,Central,Illinois,804.42,5,0.15,24.29,0.030195668929166357
ORD-1116,2023-04-27,Furniture,Phones,West,California,1397.03,3,0.29,463.05,0.33145315419139176
ORD-1117,2023-04-28,Technology,Tables,West,California,789.35,3,0.12,541.9,0.6865142205612212
ORD-1118,2023-04-29,Technology,Chairs,Central,Illinois,908.41,3,0.01,648.43,0.7138076419238009
ORD-1119,2023-04-30,Office Supplies,Phones,South,California,490.34,5,0.01,222.63,0.45403189623526535
ORD-1120,2023-05-01,Furniture,Phones,West,California,759.04,5,0.12,102.93,0.13560550168634067
ORD-1121,2023-05-02,Technology,Tables,East,California,469.99,4,0.05,125.3,0.2666014170514266
ORD-1122,2023-05-03,Office Supplies,Chairs,South,Florida,164.93,1,0.01,512.62,3.1081064694112652
ORD-1123,2023-05-04,Technology,Accessories,West,Florida,1214.83,5,0.23,616.78,0.5077088975412197
ORD-1124,2023-05-05,Technology,Accessories,West,New York,1343.06,5,0.14,-18.39,-0.013692612392596013
ORD-1125,2023-05-06,Furniture,Phones,East,Texas,1246.59,4,0.09,170.94,0.13712607994609294
ORD-1126,2023-05-07,Technology,Chairs,East,Illinois,937.72,6,0.27,701.94,0.7485603378407201
ORD-1127,2023-05-08,Furniture,Phones,Central,Illinois,771.98,4,0.03,606.69,0.7858882354465142
ORD-1128,2023-05-09,Technology,Binders,South,Illinois,1729.4,7,0.29,784.86,0.4538336995489765
ORD-1129,2023-05-10,Office Supplies,Phones,South,New York,1047.78,7,0.09,554.25,0.5289755483021245
ORD-1130,2023-05-11,Technology,Phones,Central,Florida,968.78,2,0.27,193.2,0.19942608228906458
ORD-1131,2023-05-12,Furniture,Accessories,South,New York,70.77,3,0.18,390.64,5.519853045075597
ORD-1132,2023-05-13,Furniture,Accessories,South,Illinois,695.67,1,0.25,461.01,0.6626848936995989
ORD-1133,2023-05-14,Office Supplies,Accessories,South,Texas,772.79,8,0.3,-121.54,-0.15727429185160266
ORD-1134,2023-05-15,Technology,Binders,South,California,809.67,9,0.09,344.5,0.4254819864883224
ORD-1135,2023-05-16,Technology,Accessories,South,Florida,1168.74,4,0.29,509.32,0.43578554682820814
ORD-1136,2023-05-17,Office Supplies,Chairs,East,Florida,1076.53,6,0.12,-32.68,-0.03035679451571252
ORD-1137,2023-05-18,Technology,Tables,South,New York,1223.65,9,0.12,580.63,0.4745065991092224
ORD-1138,2023-05-19,Technology,Chairs,East,Florida,1534.47,6,0.1,383.77,0.2500993828488012
ORD-1139,2023-05-20,Furniture,Chairs,South,Illinois,1629.71,9,0.16,752.22,0.46156678182007843
ORD-1140,2023-05-21,Technology,Accessories,Central,Illinois,1441.88,4,0.05,-157.58,-0.10928787416428552
ORD-1141,2023-05-22,Technology,Tables,West,New York,1911.94,8,0.17,65.33,0.0341694823059301
ORD-1142,2023-05-23,Office Supplies,Tables,East,Illinois,56.1,9,0.16,401.55,7.157754010695188
ORD-1143,2023-05-24,Office Supplies,Tables,South,Texas,407.64,4,0.23,96.56,0.23687567461485626
ORD-1144,2023-05-25,Furniture,Binders,Central,New York,34.97,5,0.25,514.42,14.710323134114955
ORD-1145,2023-05-26,Technology,Accessories,West,Texas,1302.0,8,0.13,559.01,0.42934715821812597
ORD-1146,2023-05-27,Technology,Tables,East,California,1798.1,6,0.09,-97.48,-0.054212780156832216
ORD-1147,2023-05-28,Technology,Binders,West,Texas,502.09,7,0.08,313.85,0.6250871357724711
ORD-1148,2023-05-29,Furniture,Phones,Central,California,1855.53,3,0.06,308.89,0.16646995737067036
ORD-1149,2023-05-30,Furniture,Phones,East,California,139.33,7,0.02,169.28,1.214957295629082
ORD-1150,2023-05-31,Office Supplies,Binders,West,Texas,1870.18,8,0.1,732.92,0.39189810606465686
ORD-1151,2023-06-01,Furniture,Binders,South,New York,716.21,6,0.08,627.51,0.8761536420882143
ORD-1152,2023-06-02,Technology,Accessories,East,Illinois,220.81,9,0.29,497.21,2.2517549024047825
ORD-1153,2023-06-03,Technology,Accessories,West,Illinois,982.03,6,0.17,514.33,0.5237416372208589
ORD-1154,2023-06-04,Furniture,Phones,Central,California,528.42,9,0.1,261.72,0.4952878392188033
ORD-1155,2023-06-05,Technology,Tables,Central,California,584.05,4,0.17,720.99,1.234466227206575
ORD-1156,2023-06-06,Technology,Phones,East,New York,628.43,8,0.04,494.6,0.7870407205257548
ORD-1157,2023-06-07,Furniture,Tables,West,Florida,1609.99,4,0.13,528.98,0.3285610469630246
ORD-1158,2023-06-08,Furniture,Tables,East,Texas,1087.54,2,0.19,661.69,0.6084281957445244
ORD-1159,2023-06-09,Technology,Accessories,East,California,636.39,9,0.15,74.07,0.11639089237731579
ORD-1160,2023-06-10,Technology,Chairs,West,Illinois,1228.46,5,0.12,607.07,0.4941715643977012
ORD-1161,2023-06-11,Technology,Chairs,West,New York,1437.98,4,0.3,-4.76,-0.00331019902919373
ORD-1162,2023-06-12,Office Supplies,Binders,South,Texas,559.8,2,0.26,145.34,0.2596284387281172
ORD-1163,2023-06-13,Office Supplies,Accessories,West,New York,838.83,1,0.19,135.61,0.16166565335050012
ORD-1164,2023-06-14,Office Supplies,Tables,Central,Texas,261.33,7,0.17,778.53,2.979106876363219
ORD-1165,2023-06-15,Furniture,Chairs,East,Texas,378.68,6,0.19,656.54,1.7337593746699058
ORD-1166,2023-06-16,Office Supplies,Tables,East,California,1368.61,2,0.06,501.17,0.3661890531268952
ORD-1167,2023-06-17,Furniture,Chairs,Central,New York,379.25,8,0.12,527.06,1.3897429136453525
ORD-1168,2023-06-18,Furniture,Chairs,West,New York,1059.82,4,0.01,362.07,0.34163348493140344
ORD-1169,2023-06-19,Office Supplies,Chairs,Central,Illinois,1423.91,8,0.14,747.09,0.5246750145725502
ORD-1170,2023-06-20,Office Supplies,Accessories,Central,Illinois,231.62,7,0.16,296.26,1.279077799844573
ORD-1171,2023-06-21,Office Supplies,Phones,South,California,1143.28,5,0.07,180.52,0.1578965782660416
ORD-1172,2023-06-22,Technology,Tables,Central,California,527.99,8,0.29,-36.96,-0.07000132578268528
ORD-1173,2023-06-23,Office Supplies,Accessories,East,Florida,1926.6,9,0.27,586.21,0.3042717741098308
ORD-1174,2023-06-24,Technology,Accessories,Central,Illinois,977.42,5,0.22,534.44,0.5467864377647276
ORD-1175,2023-06-25,Furniture,Accessories,East,Texas,1615.87,5,0.16,184.36,0.11409333671644378
ORD-1176,2023-06-26,Technology,Accessories,East,New York,1109.45,2,0.26,-174.81,-0.15756455901572852
ORD-1177,2023-06-27,Office Supplies,Accessories,East,California,105.96,5,0.04,639.0,6.0305775764439415
ORD-1178,2023-06-28,Furniture,Binders,West,New York,1273.64,3,0.24,-188.58,-0.14806381709117175
ORD-1179,2023-06-29,Furniture,Tables,South,New York,1903.78,7,0.04,503.7,0.26457889041801047
ORD-1180,2023-06-30,Furniture,Accessories,East,Florida,1211.19,5,0.24,770.26,0.6359530709467548
ORD-1181,2023-07-01,Technology,Tables,East,Illinois,1641.99,8,0.08,237.66,0.14473900571867063
ORD-1182,2023-07-02,Office Supplies,Binders,West,California,1770.73,1,0.26,34.97,0.019748917113280962
ORD-1183,2023-07-03,Furniture,Binders,East,New York,471.6,3,0.28,504.87,1.0705470737913485
ORD-1184,2023-07-04,Furniture,Tables,Central,California,439.85,3,0.04,617.13,1.4030464931226554
ORD-1185,2023-07-05,Furniture,Chairs,Central,Texas,1229.74,9,0.14,346.43,0.2817099549498268
ORD-1186,2023-07-06,Technology,Phones,South,Florida,833.84,5,0.29,767.04,0.9198887076657392
ORD-1187,2023-07-07,Technology,Chairs,East,Texas,1682.93,9,0.15,-148.33,-0.08813794988502197
ORD-1188,2023-07-08,Office Supplies,Chairs,West,California,1802.05,9,0.26,304.8,0.16914070086845537
ORD-1189,2023-07-09,Technology,Chairs,Central,California,719.77,1,0.18,518.45,0.7202995401308753
ORD-1190,2023-07-10,Furniture,Accessories,West,Illinois,489.0,2,0.11,662.64,1.3550920245398772
ORD-1191,2023-07-11,Office Supplies,Binders,West,New York,1565.44,5,0.09,-20.74,-0.013248671300081765
ORD-1192,2023-07-12,Furniture,Chairs,Central,New York,564.12,4,0.06,600.0,1.0636034886194428
ORD-1193,2023-07-13,Furniture,Binders,West,Texas,1648.78,9,0.23,352.71,0.21392180885260617
ORD-1194,2023-07-14,Technology,Tables,Central,Florida,859.0,7,0.12,196.55,0.22881257275902214
ORD-1195,2023-07-15,Office Supplies,Phones,West,New York,1341.75,6,0.15,-68.28,-0.05088876467300168
ORD-1196,2023-07-16,Technology,Tables,Central,Illinois,209.16,7,0.15,665.3,3.180818512143813
ORD-1197,2023-07-17,Technology,Tables,East,Texas,1255.24,1,0.17,-42.73,-0.03404129887511551
ORD-1198,2023-07-18,Office Supplies,Accessories,South,Texas,914.5,1,0.26,109.79,0.12005467468562056
ORD-1199,2023-07-19,Furniture,Phones,Central,Illinois,1181.48,8,0.29,90.05,0.07621796390967261
ORD-1200,2023-07-20,Furniture,Tables,Central,Florida,352.67,2,0.12,671.41,1.9037910794793997
ORD-1201,2023-07-21,Office Supplies,Tables,South,Illinois,1479.01,9,0.25,472.7,0.3196056821792956
ORD-1202,2023-07-22,Furniture,Phones,Central,Florida,1728.34,7,0.23,596.68,0.34523299813694064
ORD-1203,2023-07-23,Office Supplies,Phones,Central,Illinois,449.14,6,0.17,50.47,0.11237030769915839
ORD-1204,2023-07-24,Office Supplies,Tables,West,Illinois,209.51,1,0.29,424.87,2.0279222948785263
ORD-1205,2023-07-25,Technology,Phones,South,California,66.8,1,0.06,371.75,5.5651197604790426
ORD-1206,2023-07-26,Office Supplies,Tables,East,Texas,1291.1,2,0.03,632.83,0.4901479358686392
ORD-1207,2023-07-27,Technology,Tables,Central,Illinois,1222.05,6,0.26,706.09,0.5777914160631726
ORD-1208,2023-07-28,Furniture,Accessories,South,Illinois,1102.46,6,0.13,-187.84,-0.1703825989151534
ORD-1209,2023-07-29,Furniture,Chairs,West,New York,479.26,2,0.25,474.02,0.9890664774861244
ORD-1210,2023-07-30,Furniture,Tables,East,Texas,793.99,1,0.27,-148.16,-0.18660184637086108
ORD-1211,2023-07-31,Furniture,Binders,South,New York,1197.06,5,0.02,348.86,0.29143067181260757
ORD-1212,2023-08-01,Technology,Chairs,East,Texas,1003.6,5,0.27,87.63,0.08731566361100039
ORD-1213,2023-08-02,Furniture,Chairs,East,New York,1975.82,2,0.13,106.78,0.05404338451883269
ORD-1214,2023-08-03,Office Supplies,Chairs,East,Illinois,290.15,6,0.15,152.96,0.5271755988281924
ORD-1215,2023-08-04,Office Supplies,Accessories,Central,Illinois,1396.39,9,0.19,421.29,0.3016993819778142
ORD-1216,2023-08-05,Office Supplies,Tables,Central,California,820.55,2,0.28,134.05,0.16336603497654015
ORD-1217,2023-08-06,Technology,Accessories,West,New York,867.84,2,0.01,532.7,0.6138228244837758
ORD-1218,2023-08-07,Furniture,Tables,West,Florida,1440.84,3,0.14,204.53,0.1419519169373421
ORD-1219,2023-08-08,Furniture,Accessories,South,California,1391.02,7,0.21,-131.65,-0.09464278011818666
ORD-1220,2023-08-09,Furniture,Accessories,West,New York,1982.69,6,0.22,583.76,0.29442827673514266
ORD-1221,2023-08-10,Technology,Binders,East,New York,274.22,8,0.21,85.76,0.3127415943403107
ORD-1222,2023-08-11,Office Supplies,Accessories,East,California,226.14,8,0.04,232.77,1.0293181215176441
ORD-1223,2023-08-12,Office Supplies,Phones,Central,Illinois,1454.19,6,0.09,485.44,0.3338215776480377
ORD-1224,2023-08-13,Furniture,Binders,East,New York,1165.21,3,0.11,132.46,0.11367907930759262
ORD-1225,2023-08-14,Office Supplies,Accessories,South,Illinois,562.84,3,0.24,-143.41,-0.2547971004193021
ORD-1226,2023-08-15,Office Supplies,Chairs,East,California,177.25,1,0.08,173.92,0.981212976022567
ORD-1227,2023-08-16,Technology,Phones,East,Illinois,189.6,7,0.06,744.45,3.9264240506329116
ORD-1228,2023-08-17,Technology,Phones,South,Texas,1790.5,5,0.29,441.73,0.24670762356883552
ORD-1229,2023-08-18,Technology,Phones,West,Florida,399.9,4,0.0,471.48,1.178994748687172
ORD-1230,2023-08-19,Technology,Binders,West,New York,660.28,4,0.3,432.28,0.6546919488701762
ORD-1231,2023-08-20,Furniture,Accessories,South,Florida,468.78,4,0.2,-1.01,-0.00215452877682495
ORD-1232,2023-08-21,Technology,Accessories,Central,Illinois,722.89,6,0.25,218.33,0.3020238210516123
ORD-1233,2023-08-22,Office Supplies,Chairs,East,New York,157.46,8,0.09,550.94,3.498920360726534
ORD-1234,2023-08-23,Furniture,Chairs,South,Illinois,1047.74,8,0.0,-98.63,-0.09413594975852788
ORD-1235,2023-08-24,Office Supplies,Phones,East,Texas,153.87,5,0.22,77.85,0.5059465782803665
ORD-1236,2023-08-25,Office Supplies,Chairs,Central,California,1604.71,6,0.25,76.32,0.047559995263941765
ORD-1237,2023-08-26,Office Supplies,Binders,East,New York,482.75,4,0.22,232.02,0.4806214396685655
ORD-1238,2023-08-27,Technology,Accessories,South,Texas,1089.22,9,0.04,780.37,0.7164484677108389
ORD-1239,2023-08-28,Technology,Phones,East,Texas,1762.56,8,0.23,-132.5,-0.07517474582425564
ORD-1240,2023-08-29,Furniture,Chairs,West,New York,1308.74,1,0.23,318.7,0.24351666488378135
ORD-1241,2023-08-30,Furniture,Binders,Central,Illinois,1075.26,2,0.2,-20.64,-0.019195357401930697
ORD-1242,2023-08-31,Technology,Binders,Central,Texas,662.18,9,0.23,770.68,1.1638527288652631
ORD-1243,2023-09-01,Office Supplies,Chairs,Central,Florida,679.34,8,0.25,-86.7,-0.12762387022698501
ORD-1244,2023-09-02,Furniture,Accessories,South,Texas,1345.58,3,0.18,203.6,0.1513102156690795
ORD-1245,2023-09-03,Technology,Chairs,Central,Illinois,1988.4,8,0.03,537.88,0.2705089519211426
ORD-1246,2023-09-04,Technology,Phones,West,Illinois,1330.44,1,0.15,504.55,0.3792354409067677
ORD-1247,2023-09-05,Technology,Chairs,South,Florida,1124.41,4,0.02,222.73,0.19808610738075966
ORD-1248,2023-09-06,Office Supplies,Binders,West,Texas,1466.69,3,0.12,146.52,0.09989841070710238
ORD-1249,2023-09-07,Technology,Chairs,East,Illinois,941.11,6,0.12,197.61,0.20997545451647523
ORD-1250,2023-09-08,Technology,Accessories,East,New York,139.08,7,0.02,64.28,0.46218004026459586
ORD-1251,2023-09-09,Technology,Tables,East,California,1133.35,4,0.1,5.33,0.004702872016587992
ORD-1252,2023-09-10,Technology,Chairs,East,California,1916.1,7,0.03,283.04,0.14771671624654248
ORD-1253,2023-09-11,Furniture,Accessories,West,California,367.1,9,0.24,68.53,0.18667937891582675
ORD-1254,2023-09-12,Furniture,Accessories,South,Texas,1386.21,2,0.28,87.46,0.06309289357312384
ORD-1255,2023-09-13,Technology,Binders,South,Florida,417.85,3,0.02,456.76,1.0931195405049658
ORD-1256,2023-09-14,Office Supplies,Accessories,Central,Illinois,1080.94,5,0.29,768.54,0.7109922844931262
ORD-1257,2023-09-15,Furniture,Accessories,West,New York,211.42,3,0.16,403.64,1.9091855075205753
ORD-1258,2023-09-16,Technology,Accessories,East,New York,911.73,8,0.09,-123.02,-0.13493029734680223
ORD-1259,2023-09-17,Furniture,Accessories,West,Texas,1517.2,8,0.02,-124.42,-0.08200632744529396
ORD-1260,2023-09-18,Furniture,Phones,Central,California,708.19,8,0.15,751.42,1.0610429404538329
ORD-1261,2023-09-19,Office Supplies,Phones,Central,Texas,1336.53,9,0.24,97.29,0.0727929788332473
ORD-1262,2023-09-20,Technology,Binders,West,Florida,1594.99,4,0.21,-107.93,-0.0676681358503815
ORD-1263,2023-09-21,Technology,Chairs,West,Florida,1855.81,5,0.02,399.04,0.21502201195165455
ORD-1264,2023-09-22,Office Supplies,Accessories,West,Illinois,484.59,5,0.02,423.65,0.8742442064425597
ORD-1265,2023-09-23,Office Supplies,Chairs,South,Illinois,810.65,8,0.12,448.5,0.5532597298464196
ORD-1266,2023-09-24,Technology,Chairs,East,Florida,321.78,7,0.09,67.4,0.20945987942072228
ORD-1267,2023-09-25,Technology,Binders,West,Florida,1985.12,9,0.07,-184.89,-0.09313794632062546
ORD-1268,2023-09-26,Office Supplies,Accessories,West,Florida,1855.46,8,0.08,765.02,0.41230746014465414
ORD-1269,2023-09-27,Furniture,Accessories,West,Texas,1089.12,2,0.24,50.89,0.04672579697370355
ORD-1270,2023-09-28,Furniture,Tables,Central,Florida,1687.23,4,0.28,476.03,0.28213699377085516
ORD-1271,2023-09-29,Office Supplies,Chairs,Central,New York,1051.5,6,0.12,506.63,0.48181645268663814
ORD-1272,2023-09-30,Furniture,Chairs,South,California,1254.7,2,0.27,410.01,0.3267793097951701
ORD-1273,2023-10-01,Office Supplies,Phones,East,Florida,196.47,7,0.1,112.91,0.5746933374052018
ORD-1274,2023-10-02,Furniture,Tables,South,California,1515.44,3,0.14,71.1,0.04691706699044501
ORD-1275,2023-10-03,Furniture,Phones,East,Texas,272.87,3,0.07,397.67,1.4573606479275847
ORD-1276,2023-10-04,Technology,Phones,Central,California,1655.61,2,0.19,666.1,0.4023290509238287
ORD-1277,2023-10-05,Technology,Phones,Central,Texas,1568.42,8,0.29,746.73,0.4761033396666709
ORD-1278,2023-10-06,Furniture,Binders,Central,New York,1423.31,6,0.18,-94.09,-0.06610647012948691
ORD-1279,2023-10-07,Furniture,Binders,South,Texas,91.6,1,0.11,-45.17,-0.49312227074235815
ORD-1280,2023-10-08,Technology,Phones,West,Texas,620.19,1,0.19,744.74,1.2008255534594237
ORD-1281,2023-10-09,Technology,Tables,West,Illinois,540.96,7,0.04,536.54,0.9918293404318248
ORD-1282,2023-10-10,Technology,Chairs,Central,Florida,733.07,8,0.27,682.99,0.9316845594554408
ORD-1283,2023-10-11,Office Supplies,Tables,West,Florida,193.53,5,0.15,2.63,0.01358962434764636
ORD-1284,2023-10-12,Furniture,Accessories,West,New York,1875.18,5,0.13,387.59,0.20669482396356614
ORD-1285,2023-10-13,Technology,Binders,South,New York,1116.53,4,0.18,501.14,0.44883702184446456
ORD-1286,2023-10-14,Furniture,Chairs,East,Florida,624.94,6,0.19,480.11,0.7682497519761897
ORD-1287,2023-10-15,Office Supplies,Chairs,Central,Illinois,806.02,6,0.02,208.15,0.2582442123024243
ORD-1288,2023-10-16,Office Supplies,Accessories,Central,Florida,905.46,3,0.2,-184.61,-0.20388531795993198
ORD-1289,2023-10-17,Technology,Accessories,South,Illinois,1209.18,9,0.07,382.93,0.31668568782149886
ORD-1290,2023-10-18,Office Supplies,Phones,South,New York,1041.05,7,0.21,53.1,0.05100619566783536
ORD-1291,2023-10-19,Furniture,Binders,West,California,1840.4,1,0.25,250.25,0.13597587480982395
ORD-1292,2023-10-20,Technology,Binders,Central,New York,1003.99,7,0.24,757.58,0.7545692686182134
ORD-1293,2023-10-21,Furniture,Tables,East,New York,1984.47,5,0.17,199.04,0.10029882033993963
ORD-1294,2023-10-22,Furniture,Phones,South,Texas,1705.82,5,0.16,639.8,0.3750688818280944
ORD-1295,2023-10-23,Office Supplies,Phones,East,Texas,432.85,2,0.04,-11.46,-0.026475684417234607
ORD-1296,2023-10-24,Office Supplies,Phones,East,Texas,1862.58,4,0.23,472.46,0.25365890324173995
ORD-1297,2023-10-25,Office Supplies,Phones,Central,Texas,250.41,6,0.08,777.01,3.10295116009744
ORD-1298,2023-10-26,Office Supplies,Binders,Central,Illinois,1638.55,7,0.15,-98.11,-0.059876109975283025
ORD-1299,2023-10-27,Office Supplies,Binders,South,Florida,773.63,5,0.09,-191.68,-0.24776702041027365
ORD-1300,2023-10-28,Technology,Phones,Central,California,1758.39,9,0.04,233.58,0.13283742514459249
ORD-1301,2023-10-29,Furniture,Tables,Central,New York,1738.75,3,0.19,-107.37,-0.061751258087706686
ORD-1302,2023-10-30,Furniture,Chairs,Central,Illinois,1615.73,1,0.02,548.38,0.33940076621712784
ORD-1303,2023-10-31,Furniture,Chairs,East,California,1584.26,4,0.22,714.55,0.4510307651521846
ORD-1304,2023-11-01,Furniture,Tables,South,Illinois,623.26,9,0.1,234.02,0.375477328883612
ORD-1305,2023-11-02,Office Supplies,Phones,West,Illinois,180.22,4,0.0,58.71,0.32576850516035954
ORD-1306,2023-11-03,Furniture,Binders,East,New York,817.9,2,0.15,234.4,0.286587602396381
ORD-1307,2023-11-04,Technology,Chairs,Central,Florida,363.58,5,0.01,523.45,1.4397106551515486
ORD-1308,2023-11-05,Technology,Accessories,East,Texas,1396.0,3,0.08,-190.95,-0.1367836676217765
ORD-1309,2023-11-06,Furniture,Accessories,Central,Florida,705.28,9,0.21,389.45,0.5521920372050817
ORD-1310,2023-11-07,Furniture,Tables,Central,New York,1951.71,4,0.02,413.29,0.21175789435930545
ORD-1311,2023-11-08,Technology,Phones,East,New York,1289.12,6,0.25,437.69,0.3395261884075959
ORD-1312,2023-11-09,Technology,Chairs,South,New York,1648.51,2,0.0,42.02,0.025489684624297095
ORD-1313,2023-11-10,Office Supplies,Phones,Central,California,282.4,6,0.07,514.05,1.8202903682719547
ORD-1314,2023-11-11,Technology,Chairs,South,Florida,1726.79,3,0.22,-108.61,-0.06289705175499047
ORD-1315,2023-11-12,Office Supplies,Tables,West,Florida,1847.06,9,0.09,-0.73,-0.0003952226782021158
ORD-1316,2023-11-13,Office Supplies,Tables,Central,Illinois,984.38,2,0.03,677.47,0.6882199963428758
ORD-1317,2023-11-14,Office Supplies,Accessories,South,Illinois,1220.38,9,0.11,538.72,0.441436273947459
ORD-1318,2023-11-15,Office Supplies,Phones,South,Illinois,1534.32,5,0.08,-186.25,-0.1213892799416028
ORD-1319,2023-11-16,Office Supplies,Accessories,West,New York,366.18,8,0.25,48.38,0.13212081489977606
ORD-1320,2023-11-17,Furniture,Phones,South,Florida,1015.08,2,0.09,14.41,0.014195925444299956
ORD-1321,2023-11-18,Technology,Accessories,South,New York,809.35,6,0.24,70.81,0.08748996107987891
ORD-1322,2023-11-19,Office Supplies,Binders,West,California,309.82,3,0.27,47.56,0.15350848879994836
ORD-1323,2023-11-20,Technology,Binders,Central,Illinois,747.72,5,0.13,-137.47,-0.18385224415556625
ORD-1324,2023-11-21,Technology,Binders,South,New York,154.98,8,0.27,258.94,1.6707962317718417
ORD-1325,2023-11-22,Office Supplies,Binders,South,New York,71.11,1,0.11,532.73,7.4916326817606524
ORD-1326,2023-11-23,Furniture,Chairs,South,California,287.63,5,0.29,406.73,1.4140736362688178
ORD-1327,2023-11-24,Office Supplies,Binders,East,Texas,1926.97,3,0.03,472.87,0.24539562110463578
ORD-1328,2023-11-25,Furniture,Tables,West,Florida,1108.07,4,0.21,-118.85,-0.10725856669704982
ORD-1329,2023-11-26,Technology,Tables,East,Texas,1932.33,2,0.15,751.49,0.3889035516707809
ORD-1330,2023-11-27,Furniture,Chairs,West,Illinois,876.35,9,0.12,638.49,0.7285787641923889
ORD-1331,2023-11-28,Furniture,Binders,Central,New York,637.4,3,0.19,605.09,0.9493096956385316
ORD-1332,2023-11-29,Furniture,Binders,Central,California,1022.16,2,0.21,622.98,0.6094740549424748
ORD-1333,2023-11-30,Technology,Binders,South,California,890.23,9,0.0,732.71,0.8230569628073644
ORD-1334,2023-12-01,Technology,Accessories,West,Florida,229.22,7,0.05,344.25,1.5018323008463486
ORD-1335,2023-12-02,Furniture,Phones,Central,Texas,1288.84,6,0.21,0.28,0.00021724961981316537
ORD-1336,2023-12-03,Furniture,Accessories,West,Florida,447.76,1,0.2,416.78,0.9308111488297302
ORD-1337,2023-12-04,Office Supplies,Phones,Central,New York,1246.78,5,0.29,542.88,0.43542565649112114
ORD-1338,2023-12-05,Furniture,Binders,East,Florida,1307.4,3,0.23,537.92,0.4114425577482025
ORD-1339,2023-12-06,Office Supplies,Binders,Central,California,321.01,1,0.29,321.45,1.0013706738107846
ORD-1340,2023-12-07,Furniture,Accessories,East,California,141.47,4,0.21,-131.54,-0.9298084399519332
ORD-1341,2023-12-08,Office Supplies,Accessories,Central,Illinois,1565.91,2,0.09,171.11,0.10927192495098696
ORD-1342,2023-12-09,Technology,Phones,South,Illinois,930.4,2,0.03,720.77,0.7746883061049011
ORD-1343,2023-12-10,Furniture,Tables,East,New York,135.16,3,0.23,384.45,2.844406629180231
ORD-1344,2023-12-11,Furniture,Phones,Central,Texas,1989.84,8,0.19,338.33,0.17002874602983153
ORD-1345,2023-12-12,Furniture,Accessories,South,Florida,134.41,8,0.01,68.85,0.5122386727178037
ORD-1346,2023-12-13,Furniture,Accessories,East,New York,1396.17,7,0.11,168.45,0.12065149659425427
ORD-1347,2023-12-14,Office Supplies,Chairs,South,Illinois,1967.68,6,0.29,695.35,0.35338571312408523
ORD-1348,2023-12-15,Furniture,Accessories,West,Florida,493.58,9,0.15,466.46,0.9450544997771384
ORD-1349,2023-12-16,Technology,Chairs,West,Illinois,301.65,4,0.13,587.39,1.9472567545168242
ORD-1350,2023-12-17,Technology,Tables,East,Florida,260.34,1,0.14,254.35,0.9769916263347931
ORD-1351,2023-12-18,Furniture,Phones,Central,Texas,620.48,8,0.06,430.25,0.6934147756575554
ORD-1352,2023-12-19,Technology,Phones,East,New York,220.07,7,0.11,48.38,0.21983914209115282
ORD-1353,2023-12-20,Furniture,Chairs,South,Florida,1390.48,7,0.11,505.46,0.36351475749381507
ORD-1354,2023-12-21,Furniture,Phones,Central,California,143.34,3,0.02,227.6,1.5878331240407422
ORD-1355,2023-12-22,Technology,Accessories,West,California,1028.66,4,0.23,242.55,0.23579219567203935
ORD-1356,2023-12-23,Furniture,Binders,Central,Florida,1993.46,9,0.12,449.32,0.22539704834809826
ORD-1357,2023-12-24,Technology,Chairs,West,Florida,1631.66,6,0.25,736.28,0.45124597036147235
ORD-1358,2023-12-25,Office Supplies,Phones,Central,Florida,1238.13,5,0.26,-135.99,-0.10983499309442465
ORD-1359,2023-12-26,Furniture,Chairs,Central,California,626.38,3,0.06,624.74,0.9973817810274913
ORD-1360,2023-12-27,Office Supplies,Chairs,Central,California,1255.31,9,0.2,92.38,0.07359138380161076
ORD-1361,2023-12-28,Technology,Binders,South,Florida,1063.54,5,0.14,243.92,0.2293472741974914
ORD-1362,2023-12-29,Office Supplies,Accessories,South,Illinois,863.65,5,0.26,-178.09,-0.20620621779656112
ORD-1363,2023-12-30,Office Supplies,Chairs,East,Illinois,278.81,4,0.06,101.05,0.3624331982353574
ORD-1364,2023-12-31,Technology,Phones,East,Texas,1775.48,4,0.2,302.63,0.17044968121296775
ORD-1365,2024-01-01,Office Supplies,Tables,West,New York,910.57,1,0.18,-143.82,-0.15794502344685196
ORD-1366,2024-01-02,Office Supplies,Chairs,South,Illinois,405.35,7,0.09,291.1,0.7181448131244603
ORD-1367,2024-01-03,Technology,Chairs,West,California,748.16,9,0.04,727.11,0.9718643071000856
ORD-1368,2024-01-04,Office Supplies,Binders,East,Illinois,839.98,3,0.2,-94.61,-0.11263363413414605
ORD-1369,2024-01-05,Technology,Accessories,West,Texas,1658.53,2,0.22,564.44,0.340325468939362
ORD-1370,2024-01-06,Office Supplies,Tables,East,Texas,1472.56,3,0.09,209.67,0.14238469060683434
ORD-1371,2024-01-07,Technology,Phones,South,New York,1543.22,1,0.19,455.17,0.2949482251396431
ORD-1372,2024-01-08,Technology,Tables,Central,Illinois,41.84,6,0.12,60.24,1.4397705544933077
ORD-1373,2024-01-09,Office Supplies,Phones,South,California,843.98,7,0.21,-40.51,-0.04799876774331145
ORD-1374,2024-01-10,Office Supplies,Accessories,West,California,973.06,2,0.06,-39.54,-0.04063469878527532
ORD-1375,2024-01-11,Office Supplies,Phones,West,Florida,58.0,8,0.27,-129.51,-2.2329310344827586
ORD-1376,2024-01-12,Furniture,Binders,South,California,534.43,6,0.09,-14.35,-0.02685103755402953
ORD-1377,2024-01-13,Furniture,Binders,South,New York,1525.37,4,0.11,464.22,0.3043327192746678
ORD-1378,2024-01-14,Furniture,Binders,East,New York,291.48,5,0.02,681.69,2.3387196377109922
ORD-1379,2024-01-15,Technology,Binders,West,California,1079.91,8,0.03,614.13,0.5686862794121732
ORD-1380,2024-01-16,Office Supplies,Tables,West,California,446.1,3,0.15,485.13,1.0874915938130463
ORD-1381,2024-01-17,Technology,Accessories,South,Florida,44.0,3,0.08,-89.57,-2.035681818181818
ORD-1382,2024-01-18,Furniture,Phones,Central,California,497.58,4,0.25,89.19,0.17924755818159893
ORD-1383,2024-01-19,Office Supplies,Phones,West,Florida,1952.23,1,0.0,109.81,0.05624849531049108
ORD-1384,2024-01-20,Technology,Binders,Central,Florida,1607.04,9,0.11,49.96,0.03108821186778176
ORD-1385,2024-01-21,Office Supplies,Binders,South,California,1919.96,8,0.1,315.01,0.1640711264818017
ORD-1386,2024-01-22,Technology,Chairs,South,Texas,985.95,8,0.01,335.55,0.3403316598204777
ORD-1387,2024-01-23,Office Supplies,Accessories,East,Texas,237.28,6,0.04,156.89,0.6612019554956169
ORD-1388,2024-01-24,Furniture,Tables,West,Florida,1104.96,7,0.12,153.79,0.13918150883289893
ORD-1389,2024-01-25,Furniture,Phones,Central,California,919.67,6,0.15,628.56,0.6834625463481466
ORD-1390,2024-01-26,Office Supplies,Chairs,East,Texas,1691.83,9,0.12,589.29,0.34831513804578473
ORD-1391,2024-01-27,Technology,Chairs,West,California,214.2,3,0.16,107.8,0.5032679738562091
ORD-1392,2024-01-28,Furniture,Phones,East,California,986.72,3,0.18,713.79,0.7233967082860385
ORD-1393,2024-01-29,Furniture,Tables,South,California,317.1,3,0.0,752.82,2.374077578051088
ORD-1394,2024-01-30,Furniture,Chairs,West,Illinois,662.86,3,0.14,126.74,0.1912017620613704
ORD-1395,2024-01-31,Office Supplies,Chairs,East,California,1479.97,9,0.29,154.42,0.10433995283688181
ORD-1396,2024-02-01,Office Supplies,Accessories,East,Illinois,962.52,4,0.16,305.63,0.31753106428957323
ORD-1397,2024-02-02,Technology,Tables,Central,Florida,764.26,7,0.2,741.12,0.9697223457985502
ORD-1398,2024-02-03,Technology,Chairs,East,Texas,801.06,9,0.09,676.32,0.8442813272414053
ORD-1399,2024-02-04,Technology,Tables,West,Texas,929.7,7,0.23,-97.43,-0.1047972464235775
ORD-1400,2024-02-05,Office Supplies,Phones,West,Texas,1574.33,9,0.23,192.73,0.12242033118850558
ORD-1401,2024-02-06,Office Supplies,Binders,Central,Texas,1786.33,3,0.16,353.37,0.19781899201155442
ORD-1402,2024-02-07,Technology,Chairs,West,Texas,1911.56,4,0.29,303.13,0.15857728766034024
ORD-1403,2024-02-08,Technology,Accessories,South,Texas,1578.07,8,0.04,-6.14,-0.003890828670464555
ORD-1404,2024-02-09,Office Supplies,Phones,West,Texas,644.51,6,0.01,658.82,1.0222029138415232
ORD-1405,2024-02-10,Technology,Tables,West,Florida,1382.51,5,0.23,476.94,0.3449812297921896
ORD-1406,2024-02-11,Furniture,Phones,East,California,886.45,4,0.24,637.91,0.7196232161994471
ORD-1407,2024-02-12,Office Supplies,Chairs,East,New York,524.25,8,0.04,658.76,1.2565760610395804
ORD-1408,2024-02-13,Technology,Tables,West,Illinois,1684.93,1,0.08,548.36,0.3254497219469058
ORD-1409,2024-02-14,Office Supplies,Binders,Central,New York,96.08,9,0.01,239.21,2.489696086594505
ORD-1410,2024-02-15,Furniture,Phones,East,New York,1805.49,1,0.09,410.55,0.22738979446022964
ORD-1411,2024-02-16,Office Supplies,Chairs,Central,California,933.73,8,0.23,-39.63,-0.04244267614835124
ORD-1412,2024-02-17,Office Supplies,Accessories,West,California,1281.66,4,0.16,473.65,0.36955978964780045
ORD-1413,2024-02-18,Office Supplies,Tables,West,California,1325.52,9,0.1,-20.75,-0.015654233810127347
ORD-1414,2024-02-19,Office Supplies,Phones,South,Texas,1792.33,5,0.11,493.95,0.2755909904984015
ORD-1415,2024-02-20,Furniture,Phones,East,Florida,1280.61,3,0.0,29.6,0.02311398474164656
ORD-1416,2024-02-21,Office Supplies,Binders,West,Texas,1235.59,9,0.09,-82.45,-0.06672925484990977
ORD-1417,2024-02-22,Office Supplies,Binders,South,Florida,151.97,9,0.19,-34.72,-0.2284661446338093
ORD-1418,2024-02-23,Technology,Accessories,East,Florida,1046.45,4,0.29,-198.01,-0.18922069855224807
ORD-1419,2024-02-24,Office Supplies,Accessories,West,New York,317.33,4,0.25,518.74,1.6347020451895504
ORD-1420,2024-02-25,Technology,Chairs,West,New York,1480.12,8,0.01,532.4,0.35970056481906876
ORD-1421,2024-02-26,Furniture,Chairs,East,Florida,1034.2,2,0.27,314.93,0.3045155675884742
ORD-1422,2024-02-27,Furniture,Accessories,East,Florida,1366.85,9,0.23,-38.64,-0.028269378498006367
ORD-1423,2024-02-28,Furniture,Accessories,East,Texas,102.51,6,0.23,-116.45,-1.1359867330016584
ORD-1424,2024-02-29,Furniture,Tables,West,Texas,187.89,9,0.14,-180.87,-0.9626377135558041
ORD-1425,2024-03-01,Technology,Binders,West,New York,1438.32,8,0.12,-34.25,-0.02381250347627788
ORD-1426,2024-03-02,Office Supplies,Chairs,South,California,162.73,7,0.09,690.86,4.24543722730904
ORD-1427,2024-03-03,Furniture,Binders,Central,Florida,161.09,1,0.02,41.54,0.2578682723943137
ORD-1428,2024-03-04,Office Supplies,Binders,East,Texas,43.97,3,0.07,154.27,3.5085285421878556
ORD-1429,2024-03-05,Technology,Accessories,West,New York,1913.87,2,0.07,-94.65,-0.04945476965520125
ORD-1430,2024-03-06,Technology,Tables,West,Texas,1480.27,5,0.15,22.36,0.015105352401926675
ORD-1431,2024-03-07,Technology,Phones,East,Florida,719.44,5,0.22,319.22,0.44370621594573556
ORD-1432,2024-03-08,Furniture,Tables,Central,Florida,607.14,5,0.14,407.75,0.6715913957242152
ORD-1433,2024-03-09,Office Supplies,Tables,East,Illinois,712.41,4,0.02,45.35,0.06365716371190748
ORD-1434,2024-03-10,Office Supplies,Binders,Central,California,1553.81,5,0.29,-142.27,-0.09156203139379977
ORD-1435,2024-03-11,Office Supplies,Tables,West,Illinois,1329.51,3,0.28,191.03,0.1436845153477597
ORD-1436,2024-03-12,Technology,Chairs,Central,New York,386.69,1,0.24,34.2,0.08844293878817658
ORD-1437,2024-03-13,Furniture,Binders,South,Texas,364.74,5,0.3,19.55,0.05359982453254373
ORD-1438,2024-03-14,Technology,Chairs,West,New York,214.82,9,0.16,759.86,3.5371939298016946
ORD-1439,2024-03-15,Technology,Phones,South,Florida,1327.4,9,0.29,416.3,0.3136206117221636
ORD-1440,2024-03-16,Office Supplies,Binders,East,Illinois,1533.46,4,0.02,356.88,0.2327286006808133
ORD-1441,2024-03-17,Technology,Phones,East,Illinois,544.79,3,0.11,215.78,0.3960792231869161
ORD-1442,2024-03-18,Office Supplies,Binders,East,Illinois,61.47,1,0.07,228.94,3.7244184154872295
ORD-1443,2024-03-19,Furniture,Accessories,Central,New York,182.7,2,0.06,340.91,1.865955117679256
ORD-1444,2024-03-20,Office Supplies,Tables,West,Florida,1936.36,8,0.04,496.43,0.2563727819207172
ORD-1445,2024-03-21,Furniture,Accessories,East,Texas,604.98,1,0.19,502.15,0.8300274389236008
ORD-1446,2024-03-22,Office Supplies,Phones,East,Texas,1543.06,8,0.23,-28.31,-0.018346661827796717
ORD-1447,2024-03-23,Technology,Tables,West,New York,1256.83,7,0.17,300.11,0.23878328811374652
ORD-1448,2024-03-24,Technology,Binders,East,Illinois,776.24,8,0.04,211.96,0.2730598783881274
ORD-1449,2024-03-25,Furniture,Tables,South,California,427.26,6,0.24,670.53,1.5693722791742732
ORD-1450,2024-03-26,Furniture,Chairs,West,New York,260.35,9,0.19,431.42,1.6570770117149989
ORD-1451,2024-03-27,Furniture,Tables,West,New York,1237.73,3,0.12,332.5,0.2686369402050528
ORD-1452,2024-03-28,Office Supplies,Chairs,West,Florida,1553.77,4,0.2,-84.61,-0.05445464901497648
ORD-1453,2024-03-29,Office Supplies,Tables,South,Texas,1294.93,6,0.08,405.64,0.3132524538005915
ORD-1454,2024-03-30,Furniture,Chairs,West,New York,1070.0,8,0.1,-82.8,-0.07738317757009346
ORD-1455,2024-03-31,Technology,Phones,South,New York,103.06,5,0.28,137.21,1.3313603725984864
ORD-1456,2024-04-01,Office Supplies,Accessories,West,Illinois,1937.61,3,0.09,-57.16,-0.029500260630364213
ORD-1457,2024-04-02,Office Supplies,Binders,Central,Illinois,1601.45,6,0.14,492.07,0.3072652908301851
ORD-1458,2024-04-03,Office Supplies,Tables,East,California,599.79,4,0.27,6.25,0.010420313776488438
ORD-1459,2024-04-04,Furniture,Accessories,Central,Florida,1960.34,9,0.21,191.86,0.09787077751818563
ORD-1460,2024-04-05,Furniture,Binders,East,California,1211.73,3,0.02,695.67,0.5741130449852689
ORD-1461,2024-04-06,Furniture,Binders,South,Illinois,1173.2,4,0.04,4.32,0.003682236617797477
ORD-1462,2024-04-07,Furniture,Chairs,Central,Texas,1501.18,7,0.0,307.81,0.20504536431340678
ORD-1463,2024-04-08,Furniture,Phones,West,Illinois,1627.3,7,0.19,219.27,0.13474466908375837
ORD-1464,2024-04-09,Technology,Phones,East,Florida,1319.83,4,0.13,-181.88,-0.13780562648219846
ORD-1465,2024-04-10,Technology,Accessories,East,Illinois,273.63,6,0.04,592.76,2.166282936812484
ORD-1466,2024-04-11,Furniture,Phones,Central,Florida,689.77,3,0.29,-130.95,-0.18984589065920524
ORD-1467,2024-04-12,Office Supplies,Tables,South,Florida,1857.61,6,0.16,274.26,0.14764132406694624
ORD-1468,2024-04-13,Furniture,Phones,Central,Florida,464.74,2,0.07,360.68,0.7760898566940655
ORD-1469,2024-04-14,Technology,Accessories,South,Florida,756.89,8,0.15,428.43,0.5660399793893433
ORD-1470,2024-04-15,Technology,Phones,South,Florida,875.51,2,0.2,488.63,0.5581089879041929
ORD-1471,2024-04-16,Office Supplies,Tables,East,Texas,890.02,7,0.02,53.27,0.059852587582301525
ORD-1472,2024-04-17,Technology,Chairs,Central,California,1233.62,9,0.08,-190.02,-0.15403446766427265
ORD-1473,2024-04-18,Furniture,Accessories,Central,New York,1887.29,1,0.24,523.44,0.2773500627884427
ORD-1474,2024-04-19,Office Supplies,Chairs,South,California,496.57,8,0.14,335.66,0.6759570654691182
ORD-1475,2024-04-20,Furniture,Chairs,Central,Florida,260.57,7,0.16,636.12,2.4412633841194307
ORD-1476,2024-04-21,Furniture,Chairs,West,Texas,410.99,6,0.13,621.39,1.5119345969488307
ORD-1477,2024-04-22,Office Supplies,Binders,West,Illinois,1776.11,6,0.01,643.33,0.3622129260012049
ORD-1478,2024-04-23,Furniture,Binders,Central,Texas,1298.71,6,0.05,285.09,0.21951782923054414
ORD-1479,2024-04-24,Technology,Chairs,Central,Florida,586.1,9,0.13,133.63,0.22799863504521412
ORD-1480,2024-04-25,Furniture,Accessories,South,Texas,1635.57,2,0.06,591.56,0.3616843057771908
ORD-1481,2024-04-26,Office Supplies,Tables,West,Texas,1725.51,1,0.01,251.29,0.14563230581103556
ORD-1482,2024-04-27,Office Supplies,Tables,West,Florida,1696.1,6,0.25,-16.56,-0.009763575260892636
ORD-1483,2024-04-28,Office Supplies,Phones,East,Texas,1839.47,8,0.29,654.97,0.3560645185841574
ORD-1484,2024-04-29,Furniture,Accessories,South,New York,519.44,3,0.24,682.56,1.3140304943785612
ORD-1485,2024-04-30,Office Supplies,Binders,East,New York,1514.98,1,0.26,266.31,0.17578449880526476
ORD-1486,2024-05-01,Office Supplies,Chairs,West,Texas,931.87,9,0.07,-124.3,-0.13338770429351735
ORD-1487,2024-05-02,Furniture,Phones,South,Illinois,1687.16,1,0.29,187.83,0.11132909741814648
ORD-1488,2024-05-03,Technology,Tables,Central,Florida,1462.41,3,0.06,603.54,0.41270232014277797
ORD-1489,2024-05-04,Furniture,Binders,South,New York,1557.37,8,0.29,701.77,0.45061225013965855
ORD-1490,2024-05-05,Office Supplies,Binders,Central,Illinois,1319.2,3,0.3,3.47,0.0026303820497271075
ORD-1491,2024-05-06,Office Supplies,Chairs,Central,Texas,371.31,4,0.21,-133.03,-0.35827206377420484
ORD-1492,2024-05-07,Furniture,Tables,South,Illinois,1099.15,8,0.29,677.35,0.6162489196197061
ORD-1493,2024-05-08,Technology,Accessories,Central,California,1969.65,1,0.17,189.4,0.09615921610438402
ORD-1494,2024-05-09,Office Supplies,Binders,East,New York,1876.03,6,0.08,341.76,0.18217192688816278
ORD-1495,2024-05-10,Office Supplies,Chairs,West,Texas,105.48,1,0.13,768.07,7.281664770572621
ORD-1496,2024-05-11,Office Supplies,Accessories,Central,Florida,346.33,1,0.18,-133.44,-0.385297259838882
ORD-1497,2024-05-12,Furniture,Tables,East,Texas,280.82,8,0.02,448.32,1.5964674880706502
ORD-1498,2024-05-13,Office Supplies,Binders,Central,Florida,1457.44,4,0.19,-125.89,-0.08637748380722363
ORD-1499,2024-05-14,Technology,Accessories,West,Texas,1639.21,1,0.29,175.47,0.10704546702374924
